session_id,true_label,pred_label,pred_conf,is_correct,num_windows,form_similarity,temporal_consistency,embedding_smoothness,train_sessions_for_label,template_exemplar_session,overall_score
31,bomb,bomb,0.979327380657196,True,92,0.9948291778564453,0.9788212873070565,0.9811866971162649,5,2,0.9872983145435927
32,crawl,crawl,0.5680953860282898,True,77,0.9298856258392334,0.8317524029892573,0.6219961337353054,3,6,0.8388677605634549
33,hide,hide,0.6615448594093323,True,77,0.9569296836853027,0.9087900917894923,0.8947923952027371,5,15,0.9300603484200465
34,kneelingshot,kneelingshot,0.6043429970741272,True,77,0.9740586876869202,0.9398676171556171,0.9241666095821481,3,17,0.9538229509065749
24,standby,standby,0.775226891040802,True,77,0.9829306602478027,0.929675324736653,0.8618159521567194,4,25,0.9427311179762411
36,walk,walk,0.8919063210487366,True,92,0.9943885803222656,0.9379595654908581,0.9022571189062936,4,26,0.9590335835896489
