session_id,true_label,pred_label,pred_conf,is_correct,num_windows,form_similarity,temporal_consistency,embedding_smoothness,train_sessions_for_label,template_exemplar_session,overall_score
9,crawl,crawl,0.7582268714904785,True,92,0.9866928458213806,0.9006699016608898,0.7902823562150473,3,6,0.9216038646519666
18,kneelingshot,kneelingshot,0.7658619284629822,True,92,0.9979302883148193,0.9644786336657208,0.9483254813885951,3,17,0.9779738305348449
24,standby,standby,0.7752556800842285,True,77,0.9829350709915161,0.9296696097599254,0.8618003192700838,4,25,0.9427284822777524
